site_ID,cell_ID,new column data
195901,19590195,99.94
195901,19590196,97.95
196047,19604791,99.97
196047,19604792,99.98
196048,19604891,99.98
196048,19604892,99.99
196071,19607191,99.93
196071,19607192,99.99
196094,19609491,99.95
196094,19609492,99.91
196102,19610291,100.00
196102,19610292,99.92
196103,19610391,99.36
196103,19610392,99.96
196119,19611992,99.91
196150,19615091,99.94
196150,19615092,99.96
196179,19617992,99.91
196179,19617993,90.02
196180,19618091,99.96
196180,19618092,99.93
196180,19618093,99.91
196182,19618291,99.90
196182,19618292,99.96
196182,19618293,99.56
196186,19618691,99.91
196186,19618692,99.93
196186,19618693,99.91
196192,19619291,99.93
196192,19619292,99.93
196206,19620691,99.95
196206,19620692,99.90
196206,19620693,99.94
196220,19622091,99.92
196220,19622092,99.92
196236,19623691,99.90
196236,19623693,99.99
196239,19623991,94.01
196239,19623992,99.97
196288,19628891,99.99
196288,19628892,99.93
196539,19653991,99.83
196539,19653991,99.99
196539,19653993,99.91
196543,19654392,99.93
196546,19654691,99.99
196546,19654692,99.98
196546,19654692,99.99
196546,19654693,99.95
196610,19661092,99.95
196610,19661093,99.92
196614,19661491,99.96
196614,19661492,99.93
196614,19661493,99.93
196615,19661591,99.95
196615,19661592,99.91
196615,19661593,99.91
196861,19686191,99.99
196861,19686192,99.95
196861,19686193,99.98
196866,19686691,99.35
196866,19686692,99.92
196866,19686693,99.95
196869,19686992,100.00
197133,19713391,99.92
197133,19713392,99.94
197133,19713393,99.97
197150,19715091,99.92
197150,19715092,99.97
197150,19715093,99.97
197162,19716291,99.96
197162,19716292,99.98
197162,19716293,99.91
197180,19718092,99.97
197180,19718093,99.94
197183,19718391,99.98
197185,19718591,99.90
197185,19718592,99.92
197187,19718791,99.26
197187,19718792,99.93
197187,19718793,99.95
197303,19730391,99.95
197303,19730392,99.90
197303,19730393,99.97
197307,19730791,99.97
197307,19730792,99.96
197307,19730793,99.92
197315,19731591,99.95
197315,19731592,99.99
197315,19731593,99.95
197318,19731892,97.14
197318,19731893,99.94
197319,19731991,99.99
197319,19731992,99.94
197319,19731993,99.99
197320,19732092,99.97
197320,19732093,99.95
197322,19732291,99.99
197322,19732292,99.94
197322,19732293,99.95
197325,19732591,99.19
197325,19732592,99.96
197325,19732593,99.97
197326,19732691,99.95
197328,19732891,99.92
197328,19732892,99.97
197328,19732893,99.98
197329,19732991,99.95
197329,19732992,99.92
197329,19732993,99.95
197340,19734091,99.93
197340,19734092,99.95
197340,19734093,100.00
197345,19734591,99.98
197345,19734592,99.92
197345,19734593,99.95
197349,19734991,99.94
197349,19734992,99.93
197349,19734993,99.93
197350,19735091,99.97
197350,19735093,98.61
197351,19735191,99.93
197351,19735192,99.91
197351,19735193,99.91
197354,19735491,99.94
197354,19735493,99.99
197355,19735591,99.91
197355,19735592,99.97
197355,19735593,99.74
197361,19736192,99.98
197362,19736291,99.98
197362,19736292,99.91
197362,19736293,99.99
197365,19736591,99.99
197365,19736592,100.00
197365,19736593,99.93
197366,19736691,99.94
197366,19736693,99.90
197368,19736891,99.93
197368,19736892,99.93
197368,19736893,99.96
197370,19737091,99.93
197370,19737093,99.94
197372,19737292,99.96
197372,19737293,99.98
197373,19737391,99.90
197373,19737392,99.90
197373,19737393,99.93
197374,19737491,99.94
197374,19737492,99.91
197374,19737493,99.97
197375,19737592,99.93
197375,19737593,99.91
197381,19738191,99.96
197381,19738193,99.98
197384,19738491,99.95
197384,19738491,99.98
197384,19738492,99.99
197387,19738791,99.95
197387,19738792,93.87
197391,19739192,99.90
197391,19739193,99.99
197394,19739491,99.97
197394,19739493,99.96
197396,19739691,99.99
197396,19739692,99.91
197396,19739693,99.97
197397,19739791,99.97
197397,19739793,99.69
197399,19739992,100.00
197399,19739993,99.98
197507,19750791,99.99
197507,19750792,99.95
197507,19750793,100.00
197511,19751191,99.97
197511,19751192,99.92
197511,19751193,99.96
197521,19752191,99.91
197521,19752192,99.97
197521,19752193,99.93
197532,19753291,99.91
197532,19753292,99.96
197532,19753293,99.98
197534,19753492,99.93
197534,19753493,99.96
197537,19753791,99.96
197537,19753792,93.48
197545,19754591,99.96
197545,19754591,99.58
197564,19756491,99.91
197571,19757191,99.93
197571,19757192,99.97
197571,19757193,100.00
197574,19757493,99.96
197577,19757791,99.96
197577,19757792,99.96
197577,19757793,99.92
197581,19758191,99.95
197581,19758192,99.92
197583,19758391,99.92
197583,19758392,99.97
197583,19758393,99.99
197586,19758691,99.93
197586,19758692,99.99
197586,19758693,99.95
197595,19759591,99.92
197595,19759592,99.99
197595,19759593,99.95
197700,19770091,99.91
197700,19770092,99.99
197700,19770093,99.90
197702,19770291,99.10
197702,19770292,99.90
197702,19770293,100.00
197704,19770491,99.96
197705,19770591,99.90
197705,19770592,92.34
197705,19770593,99.98
197712,19771291,99.98
197712,19771292,99.96
197712,19771293,99.93
197734,19773492,99.90
197734,19773493,99.90
197752,19775292,99.93
197752,19775293,99.90
197755,19775591,99.93
197755,19775593,99.96
197757,19775791,99.96
197757,19775792,99.90
197757,19775793,99.92
197760,19776091,99.94
197760,19776092,99.91
197761,19776191,99.91
197761,19776192,99.98
197761,19776193,99.93
197809,19780991,99.95
197809,19780993,99.97
197831,19783191,99.93
197831,19783192,100.00
197831,19783193,99.99
197901,19790196,99.95
198022,19802291,99.97
198022,19802293,99.97
198032,19803291,99.96
198032,19803292,99.61
198032,19803293,99.96
198042,19804291,99.97
198042,19804292,99.94
198042,19804293,99.93
198196,19819691,99.92
198196,19819692,99.90
198196,19819693,99.95
198199,19819991,99.90
198199,19819992,99.98
198199,19819993,99.99
198214,19821491,99.96
198214,19821492,99.97
198214,19821493,99.96
198224,19822491,99.94
198224,19822492,99.98
198224,19822493,99.94
198224,19822493,99.94
198235,19823593,91.02
198255,19825593,99.13
198297,19829792,100.00
198297,19829793,99.96
198335,19833591,99.99
198335,19833593,99.92
198356,19835691,99.91
198358,19835891,99.96
198358,19835892,99.93
198360,19836091,99.92
198360,19836091,100.00
198360,19836092,99.90
198360,19836092,99.98
198360,19836093,99.92
198360,19836094,99.93
198360,19836095,99.96
198380,19838091,99.94
198380,19838092,99.93
198380,19838093,99.90
198384,19838491,99.97
198384,19838492,99.94
198384,19838493,99.90
198393,19839391,99.92
198393,19839392,100.00
198393,19839392,99.99
198396,19839691,99.95
198396,19839691,99.94
198396,19839692,99.90
198396,19839693,99.99
198418,19841891,99.92
198418,19841892,100.00
198454,19845491,99.91
198454,19845492,99.95
198456,19845691,90.92
198456,19845692,99.98
198507,19850792,99.37
198507,19850793,99.98
198514,19851491,99.96
198514,19851492,99.91
198514,19851493,99.94
198515,19851592,99.90
198515,19851593,99.91
198557,19855791,99.92
198557,19855792,99.93
198557,19855793,99.98
198561,19856192,99.94
198561,19856193,99.95
198565,19856591,99.94
198565,19856592,99.97
198565,19856593,99.93
198576,19857691,99.92
198578,19857892,100.00
198579,19857991,99.90
198579,19857992,100.00
198579,19857993,99.95
198583,19858391,99.95
198583,19858392,99.16
198583,19858393,99.97
198600,19860091,99.92
198600,19860092,99.98
198600,19860093,99.98
198602,19860291,99.98
198602,19860292,100.00
198609,19860992,99.98
198609,19860993,99.93
198612,19861292,99.92
198612,19861293,99.99
198626,19862691,100.00
198626,19862692,99.95
198660,19866091,99.96
198660,19866092,99.99
198660,19866093,99.94
198680,19868091,99.99
198680,19868092,99.96
198680,19868093,99.95
198680,19868094,99.05
198708,19870892,99.92
198708,19870893,99.97
198731,19873191,99.91
198731,19873192,99.95
198772,19877292,99.93
198772,19877293,99.99
198775,19877591,99.96
198775,19877592,99.94
198775,19877593,100.00
198778,19877891,99.95
198778,19877892,99.91
198778,19877893,99.99
198783,19878391,99.93
198783,19878393,99.95
198785,19878591,99.91
198785,19878592,99.27
198785,19878593,100.00
198789,19878992,99.94
198789,19878993,99.99
198790,19879091,100.00
198790,19879093,99.94
198791,19879191,99.90
198791,19879192,99.92
199303,19930391,99.96
199303,19930392,99.96
199303,19930393,99.97
199331,19933191,100.00
199331,19933192,99.90
199331,19933193,99.97
199334,19933491,99.93
199334,19933493,99.90
199347,19934791,99.91
199347,19934792,99.99
199347,19934793,99.99
199350,19935091,99.93
199350,19935092,99.98
199350,19935093,99.99
199365,19936591,99.95
199365,19936593,99.96
199385,19938591,99.98
199385,19938592,99.94
199385,19938593,99.91
199390,19939092,99.95
199390,19939093,99.97
199399,19939992,99.99
199399,19939993,99.97
199454,19945492,99.98
199454,19945493,99.98
199458,19945891,99.99
199458,19945892,99.91
199461,19946191,99.96
199461,19946193,99.92
199529,19952991,100.00
199529,19952992,99.95
199534,19953491,99.97
199541,19954191,99.96
199541,19954192,99.95
199563,19956391,99.90
199563,19956392,99.92
199593,19959391,99.91
199593,19959392,99.96
199593,19959393,99.93
199609,19960991,99.90
199609,19960992,99.97
199609,19960993,99.97
199617,19961791,99.90
199618,19961891,99.95
199618,19961892,99.97
199651,19965191,99.91
199651,19965192,99.93
199654,19965491,99.97
199654,19965492,99.96
199663,19966391,99.92
199663,19966392,99.90
199673,19967391,99.99
199673,19967392,99.93
199673,19967392,100.00
199673,19967393,99.90
199690,19969091,99.93
199690,19969092,100.00
199810,19981092,99.96
199810,19981092,99.91
199846,19984691,99.98
199846,19984692,99.90
199846,19984693,99.92
199856,19985691,99.92
199856,19985692,99.92
199856,19985693,99.94
199856,19985694,99.99
199858,19985891,99.92
199858,19985892,99.95
199858,19985893,100.00
199860,19986091,99.93
199860,19986092,99.95
199860,19986093,93.69
199862,19986291,99.93
199862,19986292,99.98
199862,19986293,99.98
199862,19986294,99.97
199864,19986491,99.97
199864,19986492,99.95
199864,19986493,99.93
199873,19987392,99.91
199876,19987691,99.97
199876,19987692,99.94
199876,19987693,99.97
200106,20010692,99.95
200113,20011392,99.96
200113,20011393,99.99
200115,20011591,99.95
200115,20011592,99.96
200115,20011593,99.98
200115,20011593,99.95
200117,20011791,99.94
200117,20011792,99.97
200117,20011793,99.95
200118,20011892,99.92
200118,20011893,99.98
200126,20012691,99.94
200126,20012692,99.97
200126,20012693,99.98
200131,20013193,99.99
200137,20013791,99.99
200142,20014291,99.93
200142,20014291,99.93
200142,20014292,99.94
200142,20014293,99.96
200145,20014591,99.95
200145,20014592,99.98
200145,20014593,99.93
200151,20015191,99.96
200151,20015193,99.91
200156,20015691,99.98
200156,20015692,99.93
200156,20015693,99.94
200158,20015892,99.96
200158,20015893,99.92
200161,20016191,99.93
200161,20016192,99.97
200161,20016193,99.91
200165,20016592,99.98
200165,20016593,99.94
200180,20018091,94.99
200180,20018092,99.92
200180,20018093,99.93
200190,20019091,100.00
200190,20019092,99.95
200190,20019093,99.99
200322,20032291,99.93
200322,20032292,99.97
200322,20032293,99.97
200328,20032891,100.00
200328,20032892,99.97
200328,20032893,99.93
200332,20033291,99.94
200332,20033292,99.90
200332,20033293,99.93
200333,20033391,99.94
200333,20033392,99.91
200333,20033393,99.97
200333,20033394,99.97
200340,20034092,99.94
200340,20034093,99.92
200343,20034391,99.95
200343,20034392,99.95
200343,20034392,99.97
200345,20034591,99.91
200345,20034592,100.00
200345,20034592,100.00
200345,20034593,99.91
200348,20034891,99.97
200348,20034892,99.97
200348,20034893,99.97
200349,20034991,99.97
200349,20034992,99.92
200349,20034993,99.97
200354,20035491,99.94
200354,20035492,99.93
200387,20038791,99.95
200387,20038792,99.95
200387,20038793,99.99
200389,20038991,99.94
200389,20038992,99.92
200389,20038993,99.97
200805,20080592,100.00
200805,20080593,99.93
200806,20080691,99.96
200806,20080692,99.98
200806,20080693,99.92
200809,20080991,99.93
200809,20080992,99.92
200840,20084091,99.94
201010,20101091,99.98
201010,20101092,99.95
201010,20101093,99.92
201036,20103691,100.00
201036,20103692,99.92
201036,20103693,99.97
201041,20104191,99.97
201041,20104192,99.98
201041,20104193,99.96
201056,20105691,99.98
201056,20105692,99.91
201056,20105693,100.00
201064,20106491,99.93
201070,20107091,96.99
201070,20107092,99.90
201070,20107093,99.96
201076,20107691,99.99
201076,20107692,99.97
201076,20107693,99.93
201087,20108791,99.93
201087,20108792,99.95
201087,20108793,99.94
201089,20108991,99.94
201089,20108992,99.98
201089,20108993,99.94
201090,20109091,99.95
201090,20109092,99.95
201090,20109093,99.93
201095,20109591,99.92
201095,20109592,100.00
201119,20111991,99.92
201119,20111992,99.96
201121,20112191,99.98
201121,20112192,99.99
201128,20112891,99.95
201128,20112892,99.92
201128,20112893,99.99
201132,20113291,99.99
201132,20113292,99.90
201132,20113293,99.99
201133,20113393,99.94
201134,20113491,99.94
201134,20113493,99.92
201138,20113892,99.92
201138,20113892,99.94
201138,20113893,99.97
201139,20113991,100.00
201139,20113992,99.92
201139,20113993,99.96
201140,20114091,99.99
201140,20114092,99.94
201140,20114093,99.91
201152,20115291,99.98
201152,20115292,99.91
201152,20115293,99.96
201154,20115491,99.91
201154,20115492,99.97
201157,20115791,99.96
201157,20115792,99.94
201157,20115793,99.92
201171,20117191,99.97
201171,20117192,99.95
201171,20117193,99.99
201177,20117791,99.98
201177,20117792,99.94
201180,20118091,99.92
201180,20118092,99.90
201180,20118093,99.99
201184,20118492,99.93
201184,20118493,99.98
201218,20121891,99.98
201218,20121892,99.98
201218,20121893,99.92
201219,20121992,99.96
201219,20121992,99.95
201221,20122192,99.96
201221,20122193,99.97
201230,20123091,99.97
201230,20123092,99.99
201230,20123093,99.92
201248,20124892,100.00
201248,20124893,99.95
201250,20125091,99.99
201250,20125092,99.97
201250,20125093,99.96
201282,20128292,99.97
201282,20128293,99.97
201283,20128391,99.98
201297,20129791,98.95
201297,20129791,100.00
201297,20129792,99.99
201379,20137991,99.94
201379,20137992,99.94
201379,20137993,99.96
201384,20138491,99.96
201384,20138493,99.93
201393,20139392,99.99
201828,20182891,99.92
201839,20183991,99.93
201839,20183992,99.98
201839,20183993,99.97
201889,20188991,99.94
201889,20188992,100.00
201889,20188993,99.92
202006,20200693,100.00
202009,20200991,99.92
202029,20202991,99.98
202029,20202992,100.00
202029,20202993,99.93
202029,20202994,99.91
202036,20203691,99.99
202036,20203692,99.93
202038,20203893,99.92
202236,20223691,99.96
202236,20223692,99.95
202236,20223693,99.92
202245,20224593,99.91
202285,20228592,99.93
202285,20228593,99.94
202400,20240091,99.94
202400,20240091,99.93
202413,20241392,99.94
202413,20241393,99.98
202431,20243191,99.93
202431,20243192,99.95
202431,20243193,99.96
202436,20243691,99.96
202436,20243692,99.99
202436,20243693,99.96
202483,20248392,99.94
202483,20248392,99.94
202483,20248393,99.91
202903,20290391,99.92
202903,20290393,100.00
206161,20616193,99.97
207831,20783191,99.91
207831,20783192,100.00
207831,20783193,99.99
208783,20878392,99.93
208783,20878393,99.98
209461,20946191,99.90
209541,20954192,99.92
209541,20954193,94.15
210174,21017491,99.97
210174,21017492,99.94
210188,21018891,99.98
211171,21117192,99.93
211171,21117193,99.97
218410,21841092,99.91
227717,22771793,99.96
231823,23182391,99.91
195901,1959011825,99.92
195901,1959011826,99.95
195901,1959011855,99.98
195901,1959011856,99.92
196011,1960111851,99.99
196047,1960471851,99.97
196047,1960471852,99.99
196048,1960481851,99.97
196048,1960481852,100.00
196062,1960621851,99.97
196064,1960641821,100.00
196064,1960641822,99.97
196064,1960641823,100.00
196064,1960641851,99.95
196064,1960641852,99.92
196064,1960641853,99.97
196071,1960711821,99.91
196071,1960711822,99.93
196071,1960711851,99.96
196071,1960711852,99.98
196094,1960941851,99.90
196094,1960941852,99.96
196095,1960951851,99.99
196095,1960951852,99.97
196095,1960951853,99.94
196095,1960951854,99.90
196102,1961021851,99.96
196102,1961021852,99.94
196103,1961031851,100.00
196103,1961031852,99.97
196118,1961181821,99.91
196118,1961181822,100.00
196118,1961181851,99.97
196118,1961181852,99.94
196119,1961191822,99.97
196119,1961191852,99.98
196150,1961501851,99.98
196150,1961501852,99.90
196151,1961511851,99.99
196151,1961511852,99.92
196157,1961571851,99.97
196157,1961571852,99.94
196157,1961571853,99.97
196162,1961621851,99.99
196162,1961621852,99.98
196162,1961621853,99.92
196179,1961791852,99.90
196179,1961791853,99.97
196180,1961801821,99.94
196180,1961801822,99.99
196180,1961801823,99.93
196180,1961801851,99.98
196180,1961801852,99.94
196180,1961801853,99.94
196182,1961821851,99.97
196182,1961821852,99.97
196182,1961821853,99.97
196182,1961821854,99.91
196182,1961821855,99.99
196182,1961821856,99.99
196182,1961821857,99.94
196186,1961861821,99.98
196186,1961861823,99.99
196186,1961861851,99.92
196186,1961861852,99.91
196186,1961861853,99.99
196189,1961891851,99.92
196189,1961891852,99.99
196189,1961891853,99.96
196192,1961921851,99.99
196192,1961921852,99.95
196203,1962031851,99.94
196203,1962031853,99.98
196206,1962061821,99.98
196206,1962061822,99.98
196206,1962061823,99.91
196206,1962061851,99.99
196206,1962061852,99.99
196206,1962061853,99.98
196220,1962201851,99.91
196220,1962201852,99.93
196236,1962361851,99.96
196236,1962361853,99.98
196239,1962391851,99.92
196239,1962391852,99.99
196247,1962471821,99.94
196247,1962471822,99.91
196247,1962471851,99.91
196247,1962471852,99.96
196262,1962621851,99.98
196262,1962621852,99.98
196262,1962621853,99.94
196262,1962621854,99.94
196288,1962881851,99.96
196288,1962881852,99.92
196299,1962991821,99.95
196299,1962991822,99.92
196299,1962991851,99.91
196299,1962991852,99.94
196515,1965151821,99.95
196515,1965151822,99.99
196515,1965151851,99.96
196515,1965151852,99.96
196535,1965351851,99.97
196535,1965351852,99.92
196535,1965351853,99.96
196539,1965391851,99.93
196539,1965391851,99.92
196539,1965391853,99.90
196543,1965431822,99.96
196543,1965431852,99.97
196546,1965461822,99.98
196546,1965461822,99.94
196546,1965461823,99.93
196546,1965461851,99.92
196546,1965461852,99.98
196546,1965461852,99.97
196546,1965461853,99.94
196610,1966101822,99.93
196610,1966101823,99.98
196610,1966101852,100.00
196610,1966101853,99.91
196614,1966141821,99.91
196614,1966141822,99.91
196614,1966141823,99.90
196614,1966141851,99.92
196614,1966141852,99.97
196614,1966141853,100.00
196615,1966151821,99.99
196615,1966151822,99.99
196615,1966151823,99.92
196615,1966151851,99.91
196615,1966151852,99.98
196615,1966151853,99.96
196861,1968611821,99.94
196861,1968611822,99.94
196861,1968611823,99.99
196861,1968611851,99.90
196861,1968611852,99.95
196861,1968611853,99.92
196866,1968661821,99.94
196866,1968661822,99.97
196866,1968661823,99.99
196866,1968661851,99.96
196866,1968661852,99.98
196866,1968661853,99.95
196869,1968691822,99.96
196869,1968691851,99.93
196869,1968691852,99.98
197133,1971331821,99.98
197133,1971331822,99.94
197133,1971331823,99.95
197133,1971331851,99.98
197133,1971331852,99.98
197133,1971331853,99.95
197149,1971491851,99.94
197149,1971491852,99.96
197149,1971491852,99.95
197149,1971491853,99.97
197150,1971501821,99.99
197150,1971501822,99.92
197150,1971501823,99.92
197150,1971501851,99.97
197150,1971501852,99.91
197150,1971501853,99.98
197154,1971541851,99.92
197154,1971541852,99.93
197160,1971601851,99.93
197160,1971601852,99.99
197160,1971601853,100.00
197162,1971621821,99.98
197162,1971621822,99.94
197162,1971621823,99.92
197162,1971621851,99.91
197162,1971621852,99.95
197162,1971621853,99.99
197180,1971801823,100.00
197180,1971801852,99.91
197180,1971801853,99.92
197183,1971831821,99.99
197183,1971831851,99.92
197183,1971831852,99.94
197185,1971851821,99.93
197185,1971851822,99.90
197185,1971851851,99.97
197185,1971851852,99.94
197187,1971871821,100.00
197187,1971871822,99.93
197187,1971871823,99.92
197187,1971871851,99.97
197187,1971871852,99.99
197187,1971871853,99.98
197303,1973031821,99.98
197303,1973031822,99.94
197303,1973031823,100.00
197303,1973031851,99.92
197303,1973031852,99.99
197303,1973031853,99.95
197307,1973071821,100.00
197307,1973071822,99.90
197307,1973071823,99.92
197307,1973071851,99.99
197307,1973071852,99.98
197307,1973071853,99.98
197315,1973151821,99.91
197315,1973151822,99.91
197315,1973151823,99.92
197315,1973151851,99.92
197315,1973151852,99.95
197315,1973151853,99.94
197318,1973181822,99.95
197318,1973181823,99.91
197318,1973181852,99.91
197318,1973181853,99.91
197319,1973191851,99.97
197319,1973191852,99.96
197319,1973191853,99.98
197320,1973201822,99.98
197320,1973201823,99.99
197320,1973201851,99.91
197320,1973201852,99.96
197320,1973201853,99.98
197322,1973221821,99.90
197322,1973221822,99.96
197322,1973221823,99.97
197322,1973221851,99.94
197322,1973221852,99.92
197322,1973221853,100.00
197325,1973251821,99.99
197325,1973251822,99.94
197325,1973251823,99.97
197325,1973251851,99.97
197325,1973251852,99.96
197325,1973251853,99.95
197326,1973261821,99.91
197326,1973261822,99.96
197326,1973261851,100.00
197326,1973261852,99.96
197328,1973281821,99.96
197328,1973281822,99.94
197328,1973281823,99.99
197328,1973281851,99.91
197328,1973281852,99.95
197328,1973281853,99.99
197329,1973291821,99.92
197329,1973291822,99.90
197329,1973291823,99.99
197329,1973291851,99.95
197329,1973291852,99.99
197329,1973291853,99.94
197340,1973401821,99.96
197340,1973401822,99.94
197340,1973401823,99.96
197340,1973401851,99.92
197340,1973401852,99.99
197340,1973401853,99.94
197344,1973441821,99.91
197344,1973441822,99.93
197344,1973441851,99.91
197344,1973441852,100.00
197345,1973451821,99.94
197345,1973451822,99.96
197345,1973451823,99.93
197345,1973451851,99.95
197345,1973451852,99.91
197345,1973451853,99.95
197346,1973461823,99.97
197346,1973461851,99.96
197346,1973461852,99.91
197346,1973461853,99.92
197349,1973491821,99.93
197349,1973491822,99.99
197349,1973491823,99.91
197349,1973491851,99.91
197349,1973491852,99.97
197349,1973491853,99.96
197350,1973501821,99.98
197350,1973501822,99.94
197350,1973501823,99.97
197350,1973501851,99.96
197350,1973501852,100.00
197350,1973501853,99.95
197351,1973511821,99.99
197351,1973511822,99.95
197351,1973511823,99.98
197351,1973511851,99.96
197351,1973511852,99.98
197351,1973511853,99.98
197354,1973541821,99.98
197354,1973541823,99.97
197354,1973541851,99.94
197354,1973541853,99.99
197355,1973551821,99.96
197355,1973551822,99.98
197355,1973551823,99.98
197355,1973551851,99.93
197355,1973551852,99.93
197355,1973551853,99.95
197361,1973611852,99.91
197362,1973621851,99.98
197362,1973621852,99.93
197362,1973621853,99.95
197365,1973651821,99.93
197365,1973651822,99.92
197365,1973651823,99.90
197365,1973651851,100.00
197365,1973651852,99.99
197365,1973651853,99.97
197366,1973661821,99.96
197366,1973661822,99.94
197366,1973661823,99.97
197366,1973661851,100.00
197366,1973661852,99.90
197366,1973661853,99.98
197368,1973681851,99.91
197368,1973681852,99.97
197368,1973681853,99.93
197370,1973701821,99.95
197370,1973701823,99.93
197370,1973701851,99.94
197370,1973701853,99.92
197372,1973721822,99.99
197372,1973721823,99.98
197372,1973721852,99.92
197372,1973721853,99.93
197373,1973731851,99.94
197373,1973731852,99.95
197373,1973731853,100.00
197374,1973741821,99.95
197374,1973741822,99.94
197374,1973741823,99.91
197374,1973741851,99.93
197374,1973741852,99.92
197374,1973741853,99.94
197375,1973751822,99.93
197375,1973751823,99.97
197375,1973751852,99.98
197375,1973751853,99.98
197381,1973811851,99.95
197381,1973811853,99.94
197384,1973841821,99.99
197384,1973841821,99.92
197384,1973841822,99.96
197384,1973841851,99.99
197384,1973841851,99.96
197384,1973841852,99.90
197384,1973841853,99.91
197387,1973871821,99.91
197387,1973871822,100.00
197387,1973871851,99.92
197387,1973871852,99.98
197391,1973911822,99.92
197391,1973911823,100.00
197391,1973911852,99.90
197391,1973911853,99.92
197394,1973941821,99.93
197394,1973941823,99.93
197394,1973941851,99.94
197394,1973941853,99.99
197396,1973961821,99.92
197396,1973961822,99.97
197396,1973961823,99.92
197396,1973961851,99.97
197396,1973961852,99.91
197396,1973961853,99.98
197397,1973971821,99.99
197397,1973971851,99.96
197397,1973971853,99.93
197399,1973991822,99.92
197399,1973991823,99.93
197399,1973991852,99.93
197399,1973991853,99.90
197507,1975071821,99.96
197507,1975071822,99.97
197507,1975071823,99.92
197507,1975071851,99.93
197507,1975071852,99.96
197507,1975071853,99.99
197511,1975111821,99.99
197511,1975111822,99.98
197511,1975111823,99.95
197511,1975111851,99.91
197511,1975111852,99.96
197511,1975111853,99.91
197521,1975211821,99.93
197521,1975211822,99.92
197521,1975211851,99.97
197521,1975211852,99.92
197521,1975211853,99.99
197532,1975321821,99.93
197532,1975321822,99.98
197532,1975321823,99.97
197532,1975321851,99.94
197532,1975321852,99.91
197532,1975321853,99.93
197534,1975341821,99.91
197534,1975341822,99.94
197534,1975341823,99.92
197534,1975341851,99.96
197534,1975341852,99.94
197534,1975341853,99.98
197537,1975371821,99.90
197537,1975371822,99.97
197537,1975371851,99.96
197537,1975371852,99.91
197537,1975371853,99.90
197545,1975451821,99.99
197545,1975451821,99.93
197545,1975451851,99.96
197545,1975451851,99.91
197564,1975641821,99.95
197564,1975641851,99.95
197571,1975711821,100.00
197571,1975711822,100.00
197571,1975711823,99.96
197571,1975711851,99.98
197571,1975711852,99.97
197571,1975711853,99.95
197574,1975741852,99.94
197574,1975741853,99.98
197577,1975771821,99.98
197577,1975771822,99.93
197577,1975771823,99.97
197577,1975771851,99.99
197577,1975771852,99.93
197577,1975771853,99.94
197581,1975811822,99.96
197581,1975811851,99.98
197581,1975811852,99.95
197583,1975831821,99.98
197583,1975831822,99.91
197583,1975831823,99.94
197583,1975831851,99.95
197583,1975831852,100.00
197583,1975831853,99.94
197586,1975861821,99.91
197586,1975861822,99.97
197586,1975861823,99.99
197586,1975861851,99.93
197586,1975861852,99.95
197586,1975861853,99.90
197595,1975951821,100.00
197595,1975951822,99.98
197595,1975951823,99.90
197595,1975951851,99.94
197595,1975951852,99.96
197595,1975951853,99.94
197700,1977001822,99.95
197700,1977001823,99.92
197700,1977001852,99.93
197700,1977001853,99.99
197702,1977021821,99.95
197702,1977021822,99.99
197702,1977021823,99.94
197702,1977021851,99.99
197702,1977021852,99.98
197702,1977021853,99.91
197704,1977041821,99.97
197704,1977041851,99.98
197705,1977051821,99.92
197705,1977051822,99.93
197705,1977051823,99.93
197705,1977051851,99.92
197705,1977051852,99.99
197705,1977051853,99.95
197712,1977121821,99.97
197712,1977121822,99.99
197712,1977121823,99.95
197712,1977121851,99.95
197712,1977121852,99.96
197712,1977121853,99.91
197734,1977341822,100.00
197734,1977341823,99.92
197734,1977341852,99.94
197734,1977341853,99.93
197752,1977521822,99.98
197752,1977521823,99.93
197752,1977521851,100.00
197752,1977521852,99.95
197752,1977521853,99.98
197752,1977521854,99.94
197755,1977551821,99.99
197755,1977551822,99.99
197755,1977551823,99.99
197755,1977551851,99.98
197755,1977551852,100.00
197755,1977551853,99.97
197757,1977571821,99.95
197757,1977571822,99.97
197757,1977571823,99.93
197757,1977571851,99.97
197757,1977571852,99.92
197757,1977571853,99.91
197760,1977601822,99.94
197760,1977601851,99.97
197760,1977601852,99.92
197760,1977601853,99.91
197761,1977611821,100.00
197761,1977611822,99.92
197761,1977611823,100.00
197761,1977611851,99.98
197761,1977611852,99.96
197761,1977611853,99.91
197809,1978091851,99.99
197809,1978091853,99.93
197831,1978311821,99.98
197831,1978311822,99.98
197831,1978311823,99.93
197831,1978311851,99.96
197831,1978311852,99.98
197831,1978311853,99.91
197901,1979011823,99.92
197901,1979011824,99.93
197901,1979011852,99.91
197901,1979011853,99.95
197901,1979011854,100.00
197901,1979011856,99.98
197901,1979011857,99.91
198022,1980221821,99.96
198022,1980221823,99.91
198022,1980221851,99.99
198022,1980221853,99.91
198032,1980321821,99.96
198032,1980321822,99.94
198032,1980321823,99.93
198032,1980321851,99.93
198032,1980321852,99.98
198032,1980321853,99.93
198042,1980421822,99.91
198042,1980421823,100.00
198042,1980421851,99.99
198042,1980421852,99.94
198042,1980421853,99.93
198058,1980581851,99.91
198058,1980581852,99.95
198058,1980581853,99.91
198196,1981961821,99.95
198196,1981961822,99.99
198196,1981961823,99.93
198196,1981961851,99.93
198196,1981961852,99.96
198196,1981961853,99.98
198199,1981991821,99.90
198199,1981991822,99.97
198199,1981991823,99.93
198199,1981991851,99.93
198199,1981991852,99.99
198199,1981991853,99.97
198214,1982141822,99.96
198214,1982141823,99.93
198214,1982141851,99.97
198214,1982141852,99.93
198214,1982141853,99.97
198224,1982241821,99.95
198224,1982241822,99.93
198224,1982241823,99.99
198224,1982241823,99.94
198224,1982241851,99.97
198224,1982241852,99.94
198224,1982241853,99.99
198224,1982241853,99.96
198234,1982341851,99.94
198234,1982341852,99.96
198234,1982341853,99.94
198235,1982351823,99.92
198235,1982351851,99.94
198235,1982351852,99.92
198235,1982351853,99.96
198289,1982891851,100.00
198289,1982891851,99.97
198297,1982971822,99.98
198297,1982971823,99.93
198297,1982971852,99.95
198297,1982971853,99.93
198335,1983351821,100.00
198335,1983351823,99.97
198335,1983351851,99.97
198335,1983351853,100.00
198356,1983561821,99.92
198356,1983561822,100.00
198356,1983561851,100.00
198356,1983561852,100.00
198358,1983581821,99.94
198358,1983581822,99.96
198358,1983581851,99.91
198358,1983581852,99.96
198360,1983601821,99.91
198360,1983601821,99.99
198360,1983601822,100.00
198360,1983601822,99.93
198360,1983601823,99.93
198360,1983601824,99.91
198360,1983601851,99.96
198360,1983601851,99.99
198360,1983601852,99.95
198360,1983601852,99.91
198360,1983601853,99.91
198360,1983601854,99.99
198360,1983601855,99.97
198380,1983801821,99.97
198380,1983801822,99.91
198380,1983801823,99.91
198380,1983801851,99.98
198380,1983801852,99.90
198380,1983801853,99.97
198384,1983841821,99.98
198384,1983841822,99.98
198384,1983841823,99.98
198384,1983841851,99.98
198384,1983841852,99.94
198384,1983841853,99.93
198393,1983931821,99.93
198393,1983931822,99.97
198393,1983931823,99.97
198393,1983931851,99.95
198393,1983931852,100.00
198393,1983931852,99.93
198396,1983961821,99.99
198396,1983961821,99.97
198396,1983961822,99.91
198396,1983961823,99.95
198396,1983961851,99.95
198396,1983961851,99.94
198396,1983961852,99.91
198396,1983961853,99.91
198400,1984001851,100.00
198400,1984001852,99.97
198400,1984001853,99.95
198418,1984181822,99.98
198418,1984181851,99.90
198418,1984181852,99.99
198454,1984541821,99.91
198454,1984541822,99.91
198454,1984541851,99.98
198454,1984541852,99.99
198456,1984561821,99.93
198456,1984561822,99.98
198456,1984561851,99.99
198456,1984561852,99.94
198507,1985071822,99.96
198507,1985071823,99.91
198507,1985071852,99.98
198507,1985071853,99.97
198514,1985141821,99.95
198514,1985141822,99.99
198514,1985141823,99.97
198514,1985141851,99.96
198514,1985141852,99.96
198514,1985141853,99.92
198515,1985151822,100.00
198515,1985151823,99.95
198515,1985151852,100.00
198515,1985151853,99.96
198557,1985571851,99.95
198557,1985571852,99.94
198557,1985571853,99.96
198561,1985611852,99.97
198561,1985611853,99.93
198565,1985651821,99.96
198565,1985651822,99.91
198565,1985651823,99.97
198565,1985651851,99.96
198565,1985651852,99.95
198565,1985651853,99.95
198576,1985761821,99.93
198576,1985761851,99.95
198578,1985781822,99.94
198578,1985781852,99.99
198579,1985791821,99.91
198579,1985791822,99.95
198579,1985791823,99.97
198579,1985791851,99.94
198579,1985791852,99.96
198579,1985791853,99.91
198583,1985831821,100.00
198583,1985831822,99.99
198583,1985831823,99.93
198583,1985831851,99.95
198583,1985831852,99.93
198583,1985831853,99.96
198585,1985851852,99.93
198585,1985851853,99.90
198600,1986001821,99.93
198600,1986001822,99.93
198600,1986001823,99.94
198600,1986001851,99.95
198600,1986001852,99.94
198600,1986001853,99.92
198602,1986021821,99.93
198602,1986021822,99.93
198602,1986021851,99.95
198602,1986021852,99.95
198602,1986021853,99.94
198609,1986091822,99.92
198609,1986091823,99.93
198609,1986091852,99.95
198609,1986091853,99.94
198612,1986121822,99.96
198612,1986121823,99.93
198612,1986121852,100.00
198612,1986121853,99.98
198626,1986261821,99.97
198626,1986261822,99.96
198626,1986261851,99.99
198626,1986261852,99.98
198660,1986601821,99.93
198660,1986601822,99.93
198660,1986601823,99.91
198660,1986601851,99.98
198660,1986601852,99.94
198660,1986601853,99.96
198680,1986801851,99.98
198680,1986801852,99.91
198680,1986801853,99.95
198680,1986801854,99.98
198708,1987081852,99.92
198708,1987081853,99.91
198731,1987311821,99.97
198731,1987311822,99.94
198731,1987311851,99.99
198731,1987311852,99.96
198772,1987721822,99.98
198772,1987721823,99.95
198772,1987721852,99.99
198772,1987721853,99.92
198775,1987751851,99.97
198775,1987751852,99.93
198775,1987751853,99.99
198776,1987761851,99.93
198776,1987761852,99.95
198778,1987781851,99.95
198778,1987781852,99.96
198778,1987781853,99.97
198783,1987831821,99.96
198783,1987831823,99.98
198783,1987831851,99.94
198783,1987831853,99.93
198785,1987851851,99.97
198785,1987851852,100.00
198785,1987851853,99.98
198791,1987911851,99.96
198791,1987911852,99.93
199303,1993031821,99.98
199303,1993031822,100.00
199303,1993031823,99.99
199303,1993031851,99.91
199303,1993031852,99.96
199303,1993031853,99.92
199310,1993101821,99.95
199310,1993101822,99.97
199310,1993101851,99.94
199310,1993101852,99.94
199310,1993101853,100.00
199317,1993171851,99.92
199317,1993171852,99.96
199321,1993211851,99.91
199321,1993211852,99.93
199321,1993211853,99.97
199327,1993271821,100.00
199327,1993271822,99.93
199327,1993271823,99.99
199327,1993271851,99.97
199327,1993271852,99.99
199327,1993271853,99.94
199331,1993311821,99.93
199331,1993311822,99.95
199331,1993311823,99.98
199331,1993311851,99.96
199331,1993311852,100.00
199331,1993311853,99.94
199334,1993341822,99.99
199334,1993341851,99.93
199334,1993341852,99.97
199334,1993341853,99.96
199347,1993471851,99.99
199347,1993471852,99.93
199347,1993471853,99.92
199350,1993501821,99.97
199350,1993501822,99.93
199350,1993501823,99.97
199350,1993501851,99.91
199350,1993501852,99.92
199350,1993501853,99.90
199350,1993501854,99.97
199355,1993551857,99.91
199365,1993651821,99.99
199365,1993651822,99.91
199365,1993651823,99.91
199365,1993651851,99.98
199365,1993651852,99.97
199365,1993651853,99.92
199369,1993691852,99.95
199369,1993691853,99.90
199385,1993851821,99.91
199385,1993851822,99.90
199385,1993851823,99.99
199385,1993851851,99.93
199385,1993851852,99.97
199385,1993851853,99.96
199388,1993881851,99.91
199388,1993881852,99.97
199388,1993881853,99.91
199390,1993901821,99.90
199390,1993901822,99.94
199390,1993901823,99.96
199390,1993901851,99.92
199390,1993901852,99.93
199390,1993901853,99.99
199399,1993991822,99.94
199399,1993991823,99.98
199399,1993991852,100.00
199399,1993991853,99.93
199454,1994541822,99.93
199454,1994541823,99.94
199454,1994541852,99.95
199454,1994541853,99.95
199458,1994581821,99.92
199458,1994581822,99.93
199458,1994581851,99.93
199458,1994581852,99.92
199461,1994611821,99.92
199461,1994611822,99.97
199461,1994611823,99.98
199461,1994611851,99.93
199461,1994611852,99.96
199461,1994611853,99.97
199470,1994701852,99.93
199474,1994741821,99.94
199474,1994741823,99.97
199474,1994741851,99.91
199474,1994741853,99.93
199475,1994751823,99.97
199475,1994751851,99.96
199475,1994751853,99.94
199481,1994811851,99.94
199481,1994811852,99.96
199511,1995111851,99.96
199511,1995111852,99.90
199529,1995291851,99.95
199529,1995291852,99.96
199533,1995331851,99.97
199533,1995331852,99.96
199533,1995331853,99.98
199534,1995341851,99.98
199534,1995341852,99.92
199541,1995411821,99.92
199541,1995411822,99.94
199541,1995411851,99.93
199541,1995411852,99.91
199563,1995631851,99.95
199563,1995631852,99.98
199593,1995931821,99.91
199593,1995931822,99.96
199593,1995931823,99.96
199593,1995931851,99.99
199593,1995931852,99.99
199593,1995931853,99.92
199609,1996091821,100.00
199609,1996091822,99.99
199609,1996091823,99.96
199609,1996091851,99.93
199609,1996091852,99.93
199609,1996091853,99.98
199617,1996171821,99.90
199617,1996171851,99.95
199617,1996171852,99.93
199618,1996181851,99.93
199618,1996181852,99.96
199651,1996511821,99.94
199651,1996511822,99.97
199651,1996511851,99.93
199651,1996511852,99.96
199654,1996541851,99.94
199654,1996541852,99.92
199663,1996631821,99.95
199663,1996631822,100.00
199663,1996631851,99.98
199663,1996631852,99.91
199673,1996731821,99.92
199673,1996731822,99.96
199673,1996731822,99.96
199673,1996731823,99.95
199673,1996731851,99.93
199673,1996731852,99.94
199673,1996731852,99.94
199673,1996731853,99.90
199690,1996901851,99.94
199690,1996901852,99.99
199810,1998101852,99.92
199810,1998101852,99.93
199846,1998461851,99.97
199846,1998461852,99.97
199846,1998461853,99.93
199856,1998561821,99.98
199856,1998561822,99.95
199856,1998561823,99.96
199856,1998561824,99.97
199856,1998561851,99.94
199856,1998561852,99.97
199856,1998561853,99.94
199856,1998561854,99.94
199858,1998581821,99.91
199858,1998581822,99.93
199858,1998581823,99.94
199858,1998581851,99.97
199858,1998581852,99.92
199860,1998601821,99.90
199860,1998601822,99.96
199860,1998601823,99.95
199860,1998601851,99.94
199860,1998601852,99.93
199860,1998601853,99.98
199862,1998621821,99.98
199862,1998621822,99.96
199862,1998621823,99.96
199862,1998621824,99.96
199862,1998621851,99.94
199862,1998621852,99.98
199862,1998621853,99.99
199862,1998621854,99.92
199864,1998641821,99.98
199864,1998641822,99.97
199864,1998641823,99.91
199864,1998641851,99.98
199864,1998641852,99.97
199864,1998641853,99.93
199873,1998731852,99.94
199876,1998761821,99.92
199876,1998761822,99.96
199876,1998761823,99.97
199876,1998761851,99.95
199876,1998761852,99.95
199876,1998761853,99.95
200106,2001061851,99.92
200106,2001061852,99.98
200106,2001061853,99.98
200113,2001131822,99.98
200113,2001131852,99.99
200113,2001131853,99.90
200115,2001151821,100.00
200115,2001151822,99.92
200115,2001151823,99.95
200115,2001151823,99.92
200115,2001151851,99.92
200115,2001151852,99.95
200115,2001151853,99.94
200115,2001151853,99.92
200117,2001171821,99.94
200117,2001171822,99.94
200117,2001171823,99.97
200117,2001171851,99.92
200117,2001171852,99.98
200117,2001171853,99.94
200118,2001181822,99.97
200118,2001181823,99.99
200118,2001181852,99.98
200118,2001181853,99.93
200126,2001261821,99.93
200126,2001261822,100.00
200126,2001261823,99.96
200126,2001261851,99.97
200126,2001261852,99.98
200126,2001261853,99.95
200131,2001311851,99.97
200131,2001311852,100.00
200131,2001311853,99.92
200132,2001321851,99.93
200132,2001321852,99.96
200132,2001321853,99.90
200137,2001371821,99.91
200137,2001371851,99.93
200142,2001421821,99.92
200142,2001421821,99.93
200142,2001421823,99.91
200142,2001421851,99.96
200142,2001421851,99.97
200142,2001421852,99.94
200142,2001421853,99.98
200145,2001451821,99.98
200145,2001451822,99.99
200145,2001451823,99.97
200145,2001451851,99.96
200145,2001451852,99.91
200145,2001451853,99.96
200151,2001511821,99.92
200151,2001511823,99.91
200151,2001511851,99.98
200151,2001511852,99.93
200151,2001511853,99.97
200156,2001561821,99.94
200156,2001561851,99.96
200156,2001561852,99.95
200156,2001561853,99.94
200158,2001581852,99.92
200158,2001581853,99.92
200161,2001611821,99.97
200161,2001611822,99.95
200161,2001611823,99.95
200161,2001611851,99.93
200161,2001611852,99.96
200161,2001611853,99.90
200165,2001651822,99.91
200165,2001651823,99.98
200165,2001651852,99.93
200165,2001651853,99.98
200180,2001801821,99.93
200180,2001801822,99.95
200180,2001801823,99.91
200180,2001801851,99.97
200180,2001801852,99.97
200180,2001801853,99.96
200188,2001881823,99.92
200188,2001881853,99.98
200190,2001901821,99.97
200190,2001901822,99.98
200190,2001901823,99.93
200190,2001901851,99.96
200190,2001901852,99.95
200190,2001901853,99.98
200322,2003221851,99.92
200322,2003221852,99.99
200322,2003221853,99.95
200328,2003281821,99.92
200328,2003281822,99.96
200328,2003281823,99.97
200328,2003281851,99.98
200328,2003281852,99.90
200328,2003281853,99.98
200332,2003321821,100.00
200332,2003321822,99.90
200332,2003321823,99.92
200332,2003321851,99.92
200332,2003321852,99.90
200332,2003321853,99.92
200333,2003331821,99.91
200333,2003331822,99.97
200333,2003331823,99.95
200333,2003331824,99.99
200333,2003331851,99.97
200333,2003331852,99.90
200333,2003331853,99.97
200333,2003331854,99.95
200340,2003401822,99.94
200340,2003401823,99.95
200340,2003401851,99.97
200340,2003401852,99.97
200340,2003401853,99.95
200343,2003431821,99.96
200343,2003431822,99.97
200343,2003431822,99.97
200343,2003431851,99.91
200343,2003431852,99.93
200343,2003431852,99.94
200345,2003451821,99.95
200345,2003451822,99.94
200345,2003451822,99.92
200345,2003451823,99.95
200345,2003451851,99.97
200345,2003451852,99.98
200345,2003451852,99.98
200345,2003451853,99.99
200348,2003481821,99.92
200348,2003481822,99.99
200348,2003481823,99.99
200348,2003481851,99.93
200348,2003481852,99.98
200348,2003481853,99.91
200349,2003491821,99.94
200349,2003491822,99.99
200349,2003491823,99.90
200349,2003491851,99.91
200349,2003491852,99.95
200349,2003491853,99.95
200354,2003541821,99.95
200354,2003541822,99.99
200354,2003541851,99.90
200354,2003541852,99.96
200357,2003571852,99.90
200357,2003571853,99.99
200387,2003871821,99.96
200387,2003871822,99.95
200387,2003871823,100.00
200387,2003871851,99.92
200387,2003871852,99.94
200387,2003871853,99.97
200389,2003891821,99.98
200389,2003891822,100.00
200389,2003891823,99.99
200389,2003891851,99.92
200389,2003891852,99.92
200389,2003891853,99.92
200805,2008051822,99.94
200805,2008051823,99.92
200805,2008051852,99.98
200805,2008051853,99.99
200806,2008061851,99.99
200806,2008061852,99.97
200806,2008061853,99.97
200809,2008091851,99.91
200809,2008091852,99.98
200839,2008391851,99.93
200839,2008391852,99.91
200839,2008391853,99.91
200840,2008401851,99.94
200847,2008471851,99.92
200847,2008471852,99.98
200847,2008471853,99.98
200851,2008511851,99.96
201010,2010101821,99.94
201010,2010101822,100.00
201010,2010101851,99.95
201010,2010101852,99.96
201010,2010101853,99.93
201036,2010361821,99.97
201036,2010361822,100.00
201036,2010361823,99.97
201036,2010361851,99.96
201036,2010361852,99.92
201036,2010361853,99.97
201041,2010411821,99.92
201041,2010411822,99.92
201041,2010411823,99.98
201041,2010411851,99.92
201041,2010411852,99.99
201041,2010411853,99.92
201056,2010561821,99.95
201056,2010561822,99.90
201056,2010561823,99.91
201056,2010561851,99.98
201056,2010561852,99.92
201056,2010561853,99.95
201064,2010641821,99.94
201064,2010641851,99.93
201064,2010641852,99.96
201070,2010701821,99.95
201070,2010701822,99.99
201070,2010701823,99.94
201070,2010701851,99.91
201070,2010701852,99.94
201070,2010701853,99.96
201076,2010761821,99.93
201076,2010761822,99.97
201076,2010761823,99.91
201076,2010761851,99.96
201076,2010761852,99.93
201076,2010761853,99.93
201087,2010871821,99.95
201087,2010871822,99.93
201087,2010871823,99.97
201087,2010871851,99.97
201087,2010871852,99.92
201087,2010871853,99.92
201089,2010891821,99.95
201089,2010891822,99.92
201089,2010891823,99.91
201089,2010891851,99.97
201089,2010891852,99.99
201089,2010891853,99.96
201090,2010901821,99.94
201090,2010901822,99.97
201090,2010901823,99.99
201090,2010901851,100.00
201090,2010901852,99.90
201090,2010901853,99.95
201095,2010951821,99.94
201095,2010951822,99.93
201095,2010951851,99.98
201095,2010951852,99.99
201102,2011021851,99.97
201102,2011021852,99.91
201119,2011191851,99.97
201119,2011191852,99.98
201121,2011211821,99.91
201121,2011211822,99.97
201121,2011211851,99.91
201121,2011211852,100.00
201128,2011281821,99.97
201128,2011281822,99.99
201128,2011281823,99.95
201128,2011281851,99.95
201128,2011281852,99.93
201128,2011281853,99.90
201132,2011321821,99.92
201132,2011321822,99.96
201132,2011321823,99.92
201132,2011321851,99.96
201132,2011321852,99.90
201132,2011321853,99.98
201133,2011331823,99.99
201133,2011331851,99.97
201133,2011331853,99.91
201134,2011341821,99.91
201134,2011341823,99.93
201134,2011341851,99.92
201134,2011341853,99.95
201138,2011381822,99.96
201138,2011381822,99.93
201138,2011381823,99.92
201138,2011381852,99.94
201138,2011381852,99.94
201138,2011381853,99.93
201139,2011391821,99.96
201139,2011391823,99.97
201139,2011391851,99.99
201139,2011391852,99.98
201139,2011391853,99.98
201140,2011401821,99.92
201140,2011401822,99.95
201140,2011401823,99.95
201140,2011401851,99.98
201140,2011401852,99.95
201140,2011401853,99.90
201152,2011521821,99.91
201152,2011521822,99.96
201152,2011521823,99.93
201152,2011521851,99.97
201152,2011521852,99.96
201152,2011521853,99.96
201154,2011541822,99.98
201154,2011541851,99.99
201154,2011541852,99.91
201157,2011571821,99.98
201157,2011571822,99.97
201157,2011571823,99.98
201157,2011571851,99.95
201157,2011571852,99.94
201157,2011571853,99.93
201171,2011711821,99.91
201171,2011711822,99.99
201171,2011711823,100.00
201171,2011711851,99.99
201171,2011711852,99.95
201171,2011711853,99.98
201177,2011771851,99.99
201177,2011771852,99.96
201177,2011771853,99.93
201180,2011801821,99.99
201180,2011801822,99.91
201180,2011801823,99.90
201180,2011801851,99.93
201180,2011801852,99.92
201180,2011801853,99.96
201184,2011841821,99.94
201184,2011841822,99.99
201184,2011841823,100.00
201184,2011841851,99.92
201184,2011841852,99.98
201184,2011841853,99.97
201218,2012181821,99.90
201218,2012181822,99.92
201218,2012181823,99.93
201218,2012181851,99.96
201218,2012181852,99.93
201218,2012181853,99.91
201219,2012191852,99.94
201219,2012191852,100.00
201220,2012201851,99.92
201220,2012201852,99.97
201220,2012201853,99.92
201221,2012211822,99.99
201221,2012211823,99.91
201221,2012211852,99.91
201221,2012211853,99.96
201230,2012301821,99.93
201230,2012301822,99.95
201230,2012301823,100.00
201230,2012301851,100.00
201230,2012301852,99.96
201230,2012301853,99.90
201243,2012431821,99.92
201243,2012431851,100.00
201243,2012431851,99.96
201248,2012481821,99.93
201248,2012481822,99.99
201248,2012481823,99.90
201248,2012481852,99.96
201248,2012481853,99.92
201250,2012501821,99.94
201250,2012501822,99.98
201250,2012501823,100.00
201250,2012501851,99.90
201250,2012501852,99.97
201250,2012501853,99.91
201282,2012821852,99.94
201282,2012821853,99.94
201283,2012831851,99.97
201283,2012831852,99.91
201297,2012971821,99.94
201297,2012971821,99.95
201297,2012971822,99.97
201297,2012971851,99.91
201297,2012971851,99.93
201297,2012971852,99.91
201379,2013791821,99.91
201379,2013791822,99.92
201379,2013791823,99.99
201379,2013791851,99.91
201379,2013791852,99.98
201379,2013791853,99.95
201384,2013841821,99.94
201384,2013841823,99.98
201384,2013841851,99.91
201384,2013841853,99.95
201393,2013931822,99.95
201393,2013931852,99.95
201813,2018131821,99.91
201813,2018131822,99.90
201813,2018131823,99.92
201813,2018131851,99.95
201813,2018131852,99.98
201813,2018131853,99.92
201821,2018211821,100.00
201821,2018211821,99.94
201821,2018211822,100.00
201821,2018211823,99.92
201821,2018211851,99.91
201821,2018211851,99.91
201821,2018211852,99.94
201821,2018211853,99.96
201823,2018231851,100.00
201823,2018231852,99.99
201823,2018231853,99.91
201823,2018231854,99.99
201823,2018231855,99.98
201823,2018231856,99.96
201823,2018231858,99.90
201828,2018281851,99.96
201828,2018281852,99.98
201828,2018281853,99.96
201839,2018391821,99.92
201839,2018391822,99.92
201839,2018391823,99.96
201839,2018391851,99.99
201839,2018391852,99.96
201839,2018391853,99.98
201844,2018441822,99.98
201844,2018441851,99.94
201844,2018441851,99.93
201844,2018441852,99.92
201848,2018481851,99.98
201848,2018481852,99.92
201848,2018481853,99.95
201889,2018891821,99.99
201889,2018891822,99.97
201889,2018891823,99.93
201889,2018891851,99.95
201889,2018891852,99.97
201889,2018891853,99.96
202006,2020061823,99.97
202006,2020061851,99.91
202006,2020061853,99.92
202008,2020081851,99.93
202008,2020081852,99.96
202009,2020091821,100.00
202009,2020091851,99.96
202009,2020091853,99.92
202029,2020291821,99.92
202029,2020291823,99.99
202029,2020291851,99.93
202029,2020291852,99.97
202029,2020291853,99.96
202029,2020291854,100.00
202036,2020361821,99.95
202036,2020361822,99.92
202036,2020361823,99.90
202036,2020361851,99.97
202036,2020361852,99.98
202036,2020361853,99.96
202038,2020381823,99.91
202038,2020381851,99.93
202038,2020381852,99.93
202038,2020381853,99.93
202236,2022361821,99.96
202236,2022361822,99.96
202236,2022361823,99.96
202236,2022361851,99.99
202236,2022361852,99.97
202236,2022361853,99.93
202245,2022451822,99.92
202245,2022451823,99.99
202245,2022451852,99.96
202245,2022451853,99.96
202280,2022801852,99.92
202280,2022801853,99.90
202285,2022851852,99.94
202285,2022851853,99.96
202400,2024001821,99.92
202400,2024001821,99.90
202400,2024001851,99.94
202400,2024001851,99.91
202408,2024081824,99.99
202408,2024081851,99.92
202408,2024081852,99.97
202408,2024081853,99.95
202408,2024081853,99.94
202408,2024081854,99.98
202413,2024131822,99.91
202413,2024131852,99.97
202413,2024131853,100.00
202420,2024201852,99.91
202427,2024271851,99.99
202427,2024271852,99.97
202427,2024271853,99.93
202431,2024311821,99.96
202431,2024311822,99.93
202431,2024311823,99.97
202431,2024311851,99.97
202431,2024311852,99.95
202431,2024311853,99.97
202436,2024361821,99.99
202436,2024361822,99.98
202436,2024361823,99.95
202436,2024361851,99.97
202436,2024361852,99.93
202436,2024361853,99.94
202483,2024831822,99.94
202483,2024831822,99.96
202483,2024831823,99.99
202483,2024831852,99.98
202483,2024831852,99.94
202483,2024831853,99.92
202903,2029031822,99.95
202903,2029031823,99.96
202903,2029031824,99.93
202903,2029031851,100.00
202903,2029031852,99.92
202903,2029031853,99.99
202903,2029031854,99.98
205901,2059011823,99.94
205901,2059011851,99.98
205901,2059011856,99.93
206161,2061611853,99.92
207592,2075921851,99.97
207592,2075921852,99.91
207592,2075921853,99.99
207592,2075921856,99.90
207717,2077171852,99.94
207717,2077171854,99.92
207717,2077171856,99.98
207831,2078311821,99.94
207831,2078311822,99.91
207831,2078311823,99.98
207831,2078311851,99.91
207831,2078311852,99.98
207831,2078311853,99.99
207855,2078551851,99.95
208022,2080221851,99.97
208022,2080221852,99.92
208413,2084131821,99.95
208413,2084131821,99.90
208413,2084131851,99.94
208413,2084131851,99.97
208783,2087831822,99.95
208783,2087831823,99.91
208783,2087831852,99.93
208783,2087831853,99.98
209388,2093881851,99.92
209388,2093881852,99.96
209388,2093881853,99.92
209461,2094611821,99.94
209461,2094611851,99.99
209541,2095411852,99.93
209541,2095411853,99.90
209878,2098781824,99.94
210132,2101321851,100.00
210132,2101321852,99.96
210132,2101321853,99.91
210137,2101371851,99.96
210174,2101741851,99.93
210174,2101741852,99.99
210188,2101881851,99.95
210188,2101881852,99.91
210901,2109011851,99.92
211171,2111711852,99.97
211171,2111711853,99.98
211812,2118121852,99.96
211812,2118121853,100.00
211823,2118231821,100.00
211823,2118231851,99.93
211838,2118381824,99.92
211838,2118381854,99.91
217351,2173511851,100.00
217351,2173511852,99.94
217351,2173511853,99.98
217351,2173511854,99.94
217351,2173511855,99.92
217351,2173511856,99.95
217717,2177171851,99.93
217717,2177171852,99.95
217717,2177171852,99.90
217717,2177171853,99.99
217717,2177171854,99.97
217717,2177171855,99.90
218410,2184101851,99.95
218410,2184101852,99.92
221812,2218121822,99.99
221812,2218121824,99.97
221812,2218121852,99.96
221812,2218121854,99.95
221838,2218381828,99.97
221838,2218381829,99.95
221838,2218381858,99.96
221838,2218381859,99.99
221848,2218481854,99.92
227351,2273511851,100.00
227351,2273511852,99.95
227351,2273511853,99.99
227351,2273511854,100.00
227351,2273511855,99.98
227351,2273511856,99.93
227717,2277171851,100.00
227717,2277171853,100.00
227717,2277171854,99.94
227717,2277171855,99.96
227717,2277171856,99.91
227855,2278551827,99.93
227855,2278551852,99.98
227855,2278551853,99.90
227855,2278551855,99.99
227855,2278551857,99.97
228494,2284941821,99.95
228494,2284941824,99.95
228494,2284941825,99.94
228494,2284941826,99.93
228494,2284941851,99.98
228494,2284941854,99.94
228494,2284941855,99.97
228494,2284941856,100.00
230137,2301371821,99.91
231823,2318231821,99.95
231823,2318231851,99.92
231823,2318231852,99.92
231837,2318371855,99.94
231837,2318371857,99.93
231838,2318381853,99.93
231838,2318381854,99.92
231838,2318381854,99.90
238410,2384101851,99.92
238410,2384101852,99.98
238410,2384101853,99.97
240188,2401881821,99.94
240188,2401881822,99.95
240188,2401881825,99.98
240188,2401881851,99.91
240188,2401881852,99.97
240188,2401881855,99.98
241823,2418231823,99.99
241823,2418231826,99.93
241823,2418231827,99.98
241823,2418231827,99.91
241823,2418231829,99.94
241823,2418231851,99.97
241823,2418231853,99.93
241823,2418231854,99.92
241823,2418231856,99.92
241823,2418231857,99.90
241823,2418231857,99.94
241823,2418231858,99.95
241823,2418231859,99.98
241837,2418371821,99.95
241837,2418371822,99.91
241837,2418371823,99.92
241837,2418371826,99.95
241837,2418371828,99.92
241837,2418371851,99.93
241837,2418371852,99.91
241837,2418371853,99.93
241837,2418371856,99.99
241837,2418371858,99.97
242408,2424081823,99.98
242408,2424081853,99.97
242408,2424081854,99.96
242408,2424081856,99.93
242462,2424621851,99.97
242462,2424621852,99.97
242462,2424621853,99.98
242462,2424621854,99.95
195901,19590102352,97.63
195901,19590105215,99.97
195901,19590105355,99.97
195901,19590106216,99.96
195901,19590106356,99.92
196047,19604701211,99.90
196047,19604702212,99.91
196048,19604801211,91.49
196048,19604802212,99.99
196094,19609401211,99.95
196094,19609402212,100.00
196095,19609501211,99.99
196095,19609502212,99.93
196103,19610301211,99.94
196103,19610302212,99.94
196118,19611804214,99.96
196118,19611804354,99.98
196118,19611805215,99.97
196118,19611805355,99.97
196118,19611806216,99.93
196118,19611806356,90.99
196119,19611902352,99.95
196150,19615004214,100.00
196150,19615005215,99.96
196157,19615701211,99.99
196157,19615702212,99.94
196157,19615703213,99.94
196162,19616201211,99.98
196162,19616202212,99.96
196162,19616203213,99.93
196163,19616301211,100.00
196179,19617902212,99.99
196179,19617902352,99.93
196179,19617903213,99.91
196179,19617903353,99.95
196180,19618004354,99.96
196180,19618005355,99.98
196180,19618006356,99.97
196182,19618204214,99.91
196182,19618204354,99.93
196182,19618205215,99.97
196182,19618205355,99.94
196182,19618206216,99.99
196182,19618206356,99.99
196186,19618604214,99.93
196186,19618605215,99.94
196186,19618606216,99.99
196188,19618804354,98.78
196188,19618805355,99.93
196188,19618806356,100.00
196189,19618901211,99.93
196189,19618902212,99.91
196189,19618903213,99.98
196203,19620301351,99.96
196203,19620303353,99.95
196206,19620604354,99.99
196206,19620605355,99.93
196206,19620606356,99.91
196220,19622004354,99.93
196220,19622005355,99.93
196236,19623601211,99.92
196236,19623601351,99.96
196236,19623603213,99.96
196236,19623603353,99.94
196239,19623904214,99.95
196239,19623904354,99.97
196239,19623905215,99.95
196239,19623905355,99.98
196247,19624701211,99.90
196247,19624702212,99.95
196262,19626204214,99.97
196262,19626206216,99.52
196288,19628801211,99.95
196288,19628801351,99.95
196288,19628802212,99.95
196288,19628802352,99.90
196294,19629404354,99.91
196294,19629405355,99.95
196299,19629901351,99.94
196299,19629902352,99.91
196515,19651501211,99.92
196515,19651501351,99.92
196515,19651502212,99.92
196515,19651502352,91.41
196535,19653501211,99.95
196535,19653502212,99.98
196535,19653503213,99.97
196539,19653904354,99.96
196539,19653905355,99.94
196543,19654302212,99.91
196543,19654302352,99.91
196546,19654601351,99.90
196546,19654602352,99.92
196546,19654603353,99.93
196610,19661003353,99.99
196611,19661102352,99.94
196611,19661103353,99.92
196614,19661401211,99.90
196614,19661402212,99.98
196614,19661402352,99.93
196614,19661403213,99.98
196614,19661403353,99.95
196615,19661504214,99.98
196615,19661504354,99.93
196615,19661505215,99.99
196615,19661505355,99.96
196615,19661506216,99.93
196861,19686104354,99.90
196861,19686105355,99.99
196866,19686601211,99.99
196866,19686601351,99.97
196866,19686602212,99.97
196866,19686602352,90.05
196866,19686603213,100.00
196866,19686603353,99.97
196869,19686902352,99.98
197133,19713304214,100.00
197133,19713304354,99.99
197133,19713305215,99.97
197133,19713305355,99.97
197133,19713306216,99.92
197133,19713306356,100.00
197150,19715001211,99.97
197150,19715002212,99.96
197150,19715003213,99.97
197160,19716001211,99.99
197160,19716001351,99.95
197160,19716002212,99.97
197160,19716002352,99.96
197160,19716003213,99.96
197162,19716204214,99.96
197162,19716204354,99.91
197162,19716205215,99.98
197162,19716205355,99.99
197162,19716206216,99.98
197162,19716206356,99.91
197180,19718005355,99.98
197180,19718006356,92.57
197183,19718301211,99.91
197183,19718301351,99.93
197183,19718302212,99.94
197183,19718302352,99.97
197185,19718504354,99.93
197185,19718505355,99.98
197187,19718704214,100.00
197187,19718704354,99.92
197187,19718705215,99.99
197187,19718705355,99.97
197187,19718706216,99.91
197187,19718706356,99.97
197303,19730304214,99.90
197303,19730304354,99.99
197303,19730305215,99.90
197303,19730305355,99.97
197303,19730306216,99.95
197303,19730306356,99.96
197307,19730701211,99.94
197307,19730701351,99.93
197307,19730702212,99.92
197307,19730702352,99.94
197307,19730703213,99.99
197307,19730703353,98.62
197315,19731501211,99.94
197315,19731501351,100.00
197315,19731502212,99.96
197315,19731502352,99.91
197315,19731503213,99.99
197315,19731503353,99.95
197320,19732002212,99.98
197320,19732002352,99.91
197320,19732003213,99.96
197320,19732003353,99.97
197322,19732201351,99.96
197322,19732202352,99.94
197322,19732203353,99.98
197325,19732501351,99.94
197325,19732502212,99.97
197325,19732502352,99.98
197325,19732503213,99.98
197325,19732503353,99.97
197325,19732504354,99.90
197326,19732601351,99.99
197326,19732602352,99.91
197326,19732603353,99.99
197326,19732604354,99.97
197328,19732801211,91.05
197328,19732801351,99.97
197328,19732802212,99.99
197328,19732802352,99.94
197328,19732803213,99.92
197328,19732803353,99.93
197329,19732904354,99.91
197329,19732905355,99.96
197329,19732906356,99.97
197340,19734004354,99.92
197340,19734005355,99.91
197340,19734006356,99.94
197344,19734404354,99.98
197344,19734405355,99.91
197345,19734501211,99.90
197345,19734501351,99.91
197345,19734502212,99.96
197345,19734502352,99.99
197345,19734503213,99.95
197345,19734503353,99.90
197346,19734604354,99.98
197346,19734605355,99.92
197346,19734606356,99.91
197349,19734904354,99.95
197349,19734905355,99.23
197349,19734906356,99.98
197350,19735001211,99.92
197350,19735001351,99.98
197350,19735002212,99.98
197350,19735002352,99.93
197350,19735003213,99.95
197350,19735003353,99.93
197351,19735101351,99.99
197351,19735102352,99.92
197351,19735103353,99.99
197353,19735301211,99.98
197353,19735302212,99.96
197353,19735303213,99.96
197353,19735304354,99.93
197353,19735305355,99.92
197353,19735306356,99.91
197354,19735401211,99.91
197354,19735401351,99.91
197354,19735403213,99.96
197354,19735403353,99.98
197355,19735501211,99.97
197355,19735501351,99.91
197355,19735502212,99.91
197355,19735502352,98.40
197355,19735503213,99.95
197355,19735503353,99.98
197361,19736102352,99.99
197361,19736103353,99.91
197362,19736201211,99.95
197362,19736202212,99.98
197362,19736202352,99.98
197362,19736203213,99.94
197362,19736203353,99.95
197365,19736501211,99.97
197365,19736501351,99.99
197365,19736502212,99.91
197365,19736503213,99.94
197365,19736503353,99.91
197366,19736604214,99.96
197366,19736604354,99.92
197366,19736605215,99.97
197366,19736605355,99.93
197368,19736801211,99.91
197368,19736801351,99.98
197368,19736802212,100.00
197368,19736802352,99.99
197368,19736803213,99.98
197368,19736803353,92.11
197370,19737001211,99.90
197370,19737001351,99.97
197370,19737003213,99.97
197370,19737003353,99.91
197372,19737205355,99.98
197372,19737206356,99.93
197373,19737304214,99.99
197373,19737304354,99.91
197373,19737305355,99.96
197373,19737306356,100.00
197374,19737401351,99.95
197374,19737402352,100.00
197374,19737403353,99.97
197375,19737502352,99.95
197375,19737503353,99.97
197381,19738101351,99.91
197381,19738103353,99.96
197384,19738404214,99.97
197384,19738404354,99.93
197384,19738405215,99.94
197384,19738405355,93.28
197387,19738701351,99.93
197387,19738702352,99.92
197391,19739102352,99.98
197391,19739103353,99.92
197394,19739401351,99.97
197394,19739403353,99.99
197396,19739604214,99.91
197396,19739604354,99.91
197396,19739605215,99.98
197396,19739605355,99.97
197396,19739606216,99.94
197396,19739606356,99.96
197397,19739704214,99.91
197397,19739704354,100.00
197397,19739706216,99.98
197397,19739706356,99.98
197399,19739905355,99.94
197399,19739906356,99.91
197507,19750704354,99.91
197507,19750705355,99.91
197507,19750706356,99.96
197511,19751101351,99.93
197511,19751102352,99.97
197511,19751103353,99.90
197521,19752101351,99.92
197521,19752102352,99.95
197521,19752103353,99.99
197532,19753204354,99.92
197532,19753205355,99.90
197534,19753404354,99.95
197534,19753405355,99.97
197534,19753406356,99.92
197537,19753701211,99.92
197537,19753701351,99.95
197537,19753702212,99.96
197537,19753702352,99.94
197537,19753703213,99.95
197545,19754504214,99.94
197545,19754504354,99.99
197545,19754505355,99.96
197571,19757104354,99.95
197571,19757105355,99.93
197571,19757106356,99.99
197574,19757406356,99.99
197577,19757701211,99.96
197577,19757701351,99.91
197577,19757702212,99.91
197577,19757702352,99.93
197577,19757703213,99.92
197577,19757703353,99.95
197581,19758105355,99.91
197583,19758304214,99.98
197583,19758304354,99.96
197583,19758305215,94.17
197583,19758306216,99.92
197583,19758306356,99.95
197586,19758601351,99.91
197586,19758602352,99.97
197586,19758603353,99.97
197595,19759501211,99.92
197595,19759501351,99.99
197595,19759502212,99.98
197595,19759502352,99.97
197595,19759503213,99.99
197595,19759503353,99.94
197700,19770002352,99.98
197700,19770003353,99.96
197702,19770204354,99.91
197702,19770205355,99.90
197702,19770206356,100.00
197704,19770404354,99.91
197705,19770501211,99.92
197705,19770501351,99.91
197705,19770502212,99.91
197705,19770502352,99.90
197705,19770503213,99.90
197705,19770503353,99.94
197712,19771201211,99.91
197712,19771201351,99.95
197712,19771202212,100.00
197712,19771202352,99.98
197712,19771203213,99.92
197712,19771203353,99.95
197734,19773402352,99.99
197734,19773403353,99.99
197755,19775504354,99.97
197755,19775505355,99.92
197755,19775506356,99.97
197757,19775704214,99.95
197757,19775704354,99.90
197757,19775705215,99.93
197757,19775705355,99.96
197757,19775706216,99.97
197757,19775706356,99.92
197760,19776004214,99.95
197760,19776004354,92.86
197760,19776005215,99.91
197760,19776005355,99.90
197761,19776101211,99.95
197761,19776101351,99.92
197761,19776102212,99.91
197761,19776102352,100.00
197761,19776103213,99.97
197761,19776103353,99.93
197809,19780903213,99.99
197809,19780903353,99.95
197831,19783101211,99.95
197831,19783102212,99.90
197831,19783103213,99.92
197901,19790101211,99.93
197901,19790101351,99.90
197901,19790102212,99.99
197901,19790106216,100.00
197901,19790106356,99.90
197901,19790107217,99.98
198022,19802202352,99.98
198032,19803204214,100.00
198032,19803204354,99.96
198032,19803205215,99.98
198032,19803205355,99.97
198032,19803206216,99.97
198032,19803206356,99.95
198042,19804205355,99.94
198042,19804206356,99.91
198196,19819604214,99.90
198196,19819605215,99.98
198196,19819606216,99.93
198199,19819901211,99.93
198199,19819902212,99.97
198199,19819903213,99.96
198234,19823402212,99.99
198234,19823403213,99.91
198235,19823504354,99.94
198255,19825505355,99.97
198255,19825506356,99.94
198289,19828904354,99.93
198289,19828905355,99.99
198297,19829705355,93.58
198297,19829706356,99.96
198335,19833504354,99.90
198335,19833506356,99.95
198356,19835601351,99.96
198356,19835602352,99.97
198360,19836001211,99.97
198360,19836001351,99.97
198360,19836002212,99.97
198360,19836002352,99.94
198360,19836003213,99.93
198360,19836003353,99.99
198360,19836004214,99.96
198360,19836004354,99.96
198380,19838001351,99.95
198380,19838002352,99.94
198380,19838003353,99.94
198384,19838404214,99.93
198384,19838404354,99.94
198384,19838405215,99.92
198384,19838405355,99.91
198384,19838406216,99.97
198384,19838406356,99.93
198393,19839304214,99.99
198393,19839305215,99.90
198393,19839306216,99.91
198396,19839601211,99.97
198396,19839601211,99.98
198396,19839601351,99.96
198396,19839602212,99.98
198396,19839602352,99.95
198396,19839603213,99.92
198396,19839603353,99.96
198418,19841801211,99.92
198418,19841801351,99.98
198418,19841802212,99.90
198418,19841802352,100.00
198445,19844502352,99.97
198454,19845401351,99.91
198454,19845402352,99.97
198456,19845601351,99.98
198456,19845602352,99.97
198507,19850702352,99.90
198507,19850703353,99.98
198514,19851404354,99.96
198514,19851405355,93.52
198514,19851406356,99.92
198515,19851502352,99.91
198515,19851503353,99.99
198561,19856105215,99.94
198561,19856105355,99.93
198561,19856106216,99.91
198561,19856106356,99.99
198565,19856501211,99.99
198565,19856501351,99.98
198565,19856502212,99.98
198565,19856502352,99.90
198565,19856503213,99.92
198565,19856503353,99.98
198578,19857804354,100.00
198578,19857805355,99.91
198579,19857904354,99.91
198579,19857905355,99.94
198579,19857906356,99.98
198583,19858301211,99.95
198583,19858301351,99.98
198583,19858302212,99.94
198583,19858302352,99.95
198583,19858303213,99.96
198583,19858303353,99.95
198585,19858502352,99.98
198585,19858503353,99.98
198600,19860001211,99.95
198600,19860001351,99.97
198600,19860002212,99.90
198600,19860002352,99.96
198600,19860003213,99.94
198600,19860003353,99.91
198602,19860201351,99.95
198602,19860202352,99.93
198602,19860203353,99.94
198609,19860905355,99.94
198609,19860906356,99.92
198612,19861202352,99.91
198612,19861203353,99.96
198622,19862204354,100.00
198622,19862205355,99.93
198622,19862206356,99.94
198626,19862601351,99.92
198626,19862602352,99.93
198660,19866001351,99.94
198660,19866002352,99.97
198660,19866003353,99.95
198680,19868001351,93.33
198680,19868002352,99.96
198680,19868003353,99.95
198680,19868004354,99.99
198708,19870805215,99.91
198708,19870805355,99.97
198708,19870806216,99.96
198708,19870806356,99.94
198731,19873101351,99.93
198731,19873102352,100.00
198772,19877202212,99.93
198772,19877202352,99.97
198772,19877203213,99.90
198772,19877203353,100.00
198775,19877501211,99.97
198775,19877501351,99.94
198775,19877502212,99.94
198775,19877502352,99.98
198775,19877503213,99.94
198775,19877503353,99.91
198776,19877604214,99.97
198776,19877604354,99.91
198776,19877605215,99.96
198776,19877605355,99.98
198778,19877801211,99.94
198778,19877801351,99.94
198778,19877802212,99.93
198778,19877802352,99.99
198778,19877803213,99.96
198778,19877803353,99.93
198783,19878301211,99.99
198783,19878301351,99.96
198783,19878303213,99.91
198783,19878303353,100.00
198785,19878504214,99.96
198785,19878504354,100.00
198785,19878505215,99.94
198785,19878505355,99.96
198785,19878506216,99.92
198785,19878506356,99.93
198789,19878902212,99.91
198789,19878902352,99.95
198789,19878903213,99.99
198789,19878903353,99.99
198790,19879004214,99.91
198790,19879004354,99.99
198790,19879006216,99.99
198790,19879006356,99.95
199303,19930301211,93.11
199303,19930301351,99.98
199303,19930302212,99.97
199303,19930302352,99.97
199303,19930303213,99.93
199303,19930303353,99.93
199310,19931003213,99.96
199317,19931701351,99.98
199327,19932701351,99.94
199327,19932703353,99.98
199334,19933405355,100.00
199347,19934701351,99.93
199347,19934702352,99.99
199347,19934703353,99.94
199350,19935001351,99.95
199350,19935002352,99.98
199350,19935003353,99.95
199365,19936501211,99.97
199365,19936501351,99.91
199365,19936502352,99.94
199365,19936503213,99.99
199365,19936503353,99.97
199369,19936902352,99.96
199369,19936903353,99.97
199385,19938504214,99.94
199385,19938504354,99.96
199385,19938505215,99.91
199385,19938505355,99.98
199385,19938506216,99.94
199385,19938506356,99.95
199388,19938801211,99.97
199388,19938802212,100.00
199388,19938803213,99.97
199390,19939004214,95.50
199390,19939004354,99.90
199390,19939005355,99.94
199390,19939006216,99.96
199390,19939006356,99.98
199399,19939902212,99.90
199399,19939902352,99.94
199399,19939903213,99.95
199399,19939903353,99.97
199454,19945405355,99.91
199454,19945406356,99.91
199458,19945802352,99.93
199461,19946104214,99.97
199461,19946104354,99.99
199461,19946105215,99.97
199461,19946106216,99.97
199461,19946106356,99.92
199474,19947404214,99.96
199474,19947406216,99.96
199474,19947406356,99.92
199481,19948101351,99.97
199481,19948102352,99.99
199529,19952904214,99.96
199529,19952905215,99.97
199533,19953301211,99.95
199533,19953302212,99.92
199533,19953303213,99.92
199534,19953402212,99.97
199541,19954101211,99.97
199541,19954101351,99.92
199541,19954102212,99.97
199541,19954102352,99.93
199563,19956301351,99.96
199563,19956302352,98.85
199593,19959304354,99.95
199593,19959306356,99.95
199609,19960901211,99.96
199609,19960901351,99.99
199609,19960903213,99.97
199609,19960903353,99.99
199617,19961701351,99.91
199651,19965101211,99.99
199651,19965101351,99.91
199651,19965102212,99.95
199651,19965102352,99.99
199654,19965401211,99.97
199654,19965402212,99.99
199663,19966302352,99.92
199673,19967304214,99.99
199673,19967304354,99.97
199673,19967305215,99.99
199673,19967305215,99.90
199673,19967305355,99.97
199673,19967306216,100.00
199673,19967306356,99.92
199690,19969001211,99.91
199690,19969002212,99.99
199810,19981002352,99.91
199810,19981003353,99.96
199856,19985601211,99.99
199856,19985602212,99.90
199856,19985603213,99.96
199856,19985604214,99.95
199858,19985801211,99.91
199858,19985802212,99.99
199858,19985803213,99.94
199860,19986001211,91.21
199860,19986002212,99.98
199860,19986003213,99.95
199862,19986201211,99.95
199862,19986202212,99.92
199862,19986203213,99.93
199862,19986204214,99.93
199864,19986401211,99.91
199864,19986402212,99.94
199864,19986403213,99.92
199873,19987301351,99.99
199873,19987302352,99.96
199876,19987601351,99.96
199876,19987602352,99.91
199876,19987603353,99.99
200106,20010602352,99.91
200115,20011501211,99.92
200115,20011501351,100.00
200115,20011502212,99.93
200115,20011502352,99.95
200115,20011503213,99.95
200115,20011503353,99.97
200117,20011704214,99.98
200117,20011705215,99.94
200117,20011705355,99.91
200117,20011706216,99.97
200117,20011706356,99.98
200118,20011802352,99.92
200118,20011803353,100.00
200137,20013701351,99.93
200137,20013702352,99.91
200142,20014201351,99.98
200142,20014203353,99.99
200145,20014501211,99.99
200145,20014502212,99.93
200145,20014503213,99.98
200151,20015101351,99.95
200151,20015103353,99.96
200156,20015604214,99.97
200156,20015604354,99.95
200156,20015605215,99.96
200156,20015606216,99.97
200158,20015803353,99.94
200161,20016104354,99.98
200165,20016502212,99.99
200165,20016502352,99.99
200165,20016503213,99.90
200165,20016503353,99.93
200180,20018001351,99.99
200180,20018002352,99.91
200180,20018003353,99.90
200188,20018803213,99.91
200188,20018803353,99.92
200188,20018804354,99.98
200190,20019004214,99.96
200190,20019004354,99.95
200190,20019005215,99.93
200190,20019005355,99.94
200190,20019006216,99.99
200190,20019006356,99.96
200328,20032801351,99.95
200328,20032802352,99.99
200328,20032803353,99.98
200332,20033201211,99.95
200332,20033202212,99.94
200332,20033203213,99.97
200333,20033301211,95.83
200333,20033302212,99.99
200333,20033303213,99.92
200333,20033304214,99.97
200340,20034005215,99.98
200340,20034005355,99.91
200340,20034006216,99.94
200340,20034006356,99.94
200343,20034301351,99.98
200343,20034303353,99.98
200348,20034801211,99.92
200348,20034802212,99.96
200348,20034803213,99.98
200349,20034901211,99.94
200349,20034902212,99.97
200349,20034903213,99.98
200357,20035702212,99.93
200357,20035703213,99.94
200387,20038701211,99.97
200387,20038702212,99.95
200387,20038703213,99.92
200389,20038904214,99.96
200389,20038905215,99.96
200389,20038906216,99.94
200805,20080502352,99.98
200805,20080503353,99.92
200809,20080901211,99.93
200809,20080902212,99.94
200839,20083904354,99.94
200840,20084004354,99.93
200847,20084704214,99.99
200847,20084705215,99.95
200847,20084706216,99.98
200851,20085101351,99.99
200851,20085102352,99.98
201010,20101001351,99.97
201010,20101002352,99.93
201010,20101003353,99.98
201036,20103601211,99.95
201036,20103601351,99.91
201036,20103602212,99.91
201036,20103602352,99.96
201036,20103603213,99.92
201036,20103603353,99.98
201041,20104104214,99.91
201041,20104104354,99.92
201041,20104105215,100.00
201041,20104106216,99.93
201056,20105601211,99.91
201056,20105602212,91.63
201056,20105603213,99.94
201064,20106401351,99.97
201064,20106402352,99.94
201070,20107001211,99.93
201070,20107002212,99.90
201070,20107002352,99.98
201070,20107003213,99.99
201070,20107003353,99.98
201076,20107604354,99.97
201076,20107605355,100.00
201076,20107606356,99.99
201087,20108704354,99.94
201087,20108705355,100.00
201087,20108706356,99.98
201089,20108901211,99.99
201089,20108901351,99.97
201089,20108902212,99.99
201089,20108902352,99.96
201089,20108903213,99.93
201089,20108903353,99.94
201090,20109001211,99.96
201090,20109002212,100.00
201090,20109003213,99.92
201095,20109504354,99.98
201095,20109505355,99.96
201119,20111901351,99.92
201119,20111902352,99.95
201121,20112104214,100.00
201121,20112104354,99.95
201121,20112105215,100.00
201121,20112105355,99.91
201128,20112801211,99.91
201128,20112802212,99.96
201128,20112803213,99.91
201132,20113201351,99.95
201132,20113202352,99.94
201132,20113203353,99.95
201133,20113306356,99.99
201134,20113401351,99.94
201134,20113403353,99.94
201138,20113801351,99.99
201138,20113802352,99.97
201138,20113803353,99.93
201139,20113904354,99.92
201139,20113905355,99.95
201139,20113906356,99.93
201140,20114001211,99.94
201140,20114001351,99.93
201140,20114002212,99.93
201140,20114002352,99.94
201140,20114003213,99.97
201140,20114003353,99.91
201152,20115204354,99.91
201152,20115205355,98.86
201152,20115206356,99.94
201154,20115402352,99.97
201157,20115701351,99.91
201157,20115702352,99.92
201157,20115703353,99.98
201171,20117101211,99.95
201171,20117101351,99.91
201171,20117102212,99.93
201171,20117102352,99.91
201171,20117103213,99.98
201171,20117103353,99.98
201180,20118004214,99.95
201180,20118005215,99.91
201180,20118005355,99.92
201180,20118006216,99.98
201180,20118006356,99.99
201184,20118404214,99.99
201184,20118404354,99.96
201184,20118405215,99.91
201184,20118405355,99.96
201184,20118406216,99.94
201184,20118406356,99.92
201218,20121801211,99.95
201218,20121801351,99.97
201218,20121802212,99.90
201218,20121802352,99.93
201218,20121803213,99.92
201218,20121803353,99.93
201219,20121902352,99.93
201219,20121903353,99.93
201220,20122005355,100.00
201220,20122006356,99.99
201221,20122105355,99.92
201221,20122106356,100.00
201230,20123004214,99.99
201230,20123005215,99.95
201230,20123006216,99.94
201230,20123006356,100.00
201248,20124801351,99.97
201248,20124802352,99.91
201250,20125004214,99.97
201250,20125004354,99.96
201250,20125006216,99.93
201250,20125006356,99.92
201283,20128301211,99.97
201283,20128302212,99.92
201297,20129704354,99.96
201297,20129705355,99.91
201379,20137901351,99.99
201379,20137902352,99.98
201379,20137903353,99.96
201384,20138404354,99.98
201384,20138406356,99.94
201393,20139302352,90.77
201821,20182101211,99.93
201821,20182101351,99.99
201821,20182102212,99.95
201821,20182102352,99.93
201821,20182103213,100.00
201821,20182103353,99.93
201828,20182801351,99.92
201828,20182802352,99.95
201828,20182803353,99.91
201839,20183901211,99.90
201839,20183902212,99.93
201839,20183903213,99.90
201848,20184801351,99.90
201848,20184802352,99.94
201889,20188904214,99.93
201889,20188905215,99.90
201889,20188906216,99.90
202006,20200606216,99.90
202006,20200606356,99.99
202008,20200804214,99.95
202008,20200804354,99.94
202008,20200805215,99.94
202009,20200904354,99.93
202029,20202901351,99.95
202029,20202902352,99.92
202029,20202903353,99.95
202036,20203601211,99.93
202036,20203601351,99.94
202036,20203602212,99.91
202036,20203602352,99.94
202036,20203603213,99.99
202036,20203603353,99.90
202036,20203607217,99.91
202038,20203806356,99.95
202236,20223604354,99.94
202236,20223605355,99.91
202236,20223606356,99.93
202280,20228005215,99.97
202280,20228005355,99.96
202280,20228006216,99.22
202285,20228502212,99.94
202285,20228502352,99.99
202400,20240004354,99.93
202413,20241304214,99.94
202413,20241304354,99.97
202413,20241305215,99.99
202413,20241305355,99.99
202413,20241306216,99.91
202413,20241306356,99.91
202427,20242701211,99.99
202427,20242702212,99.95
202427,20242703213,100.00
202431,20243101211,99.96
202431,20243101351,99.07
202431,20243102212,99.99
202431,20243102352,99.99
202431,20243103213,99.93
202431,20243103353,99.94
202436,20243604354,99.98
202436,20243605355,99.98
202903,20290301211,99.96
202903,20290301351,99.91
202903,20290303213,99.96
202903,20290303353,99.99
202903,20290304354,99.97
205901,20590101351,99.93
205901,20590103353,99.94
205901,20590104354,99.91
205901,20590106216,99.97
206161,20616106216,99.99
207366,20736602212,99.90
207366,20736602352,99.94
207366,20736603213,90.16
207366,20736603353,99.94
207751,20775101351,99.98
207831,20783104214,99.96
207831,20783105215,99.99
207831,20783106216,100.00
207855,20785503213,99.91
207855,20785503353,99.98
207855,20785504214,99.95
207855,20785504354,100.00
208022,20802204214,99.92
208022,20802204354,99.97
208022,20802205215,99.98
208022,20802205355,99.96
208783,20878305215,99.91
208783,20878305355,99.96
208783,20878306216,99.99
208783,20878306356,99.91
209388,20938804214,100.00
209388,20938805215,99.92
209388,20938806216,99.93
209541,20954105215,99.91
209541,20954105355,99.97
209541,20954106216,99.94
209541,20954106356,99.92
209878,20987804354,99.98
210188,21018801351,99.99
210901,21090102352,99.92
211171,21117104354,99.97
211171,21117107357,99.98
211812,21181202352,99.94
211812,21181203353,99.95
211838,21183804354,99.93
211848,21184801351,99.91
219461,21946101211,99.96
219461,21946101351,99.91
219461,21946102212,99.99
219461,21946102352,99.99
221812,22181202352,99.99
221812,22181204354,99.96
221838,22183808358,99.98
221838,22183809359,99.90
221848,22184804354,99.91
227855,22785502352,99.99
227855,22785503353,97.64
227855,22785504354,99.95
227855,22785507217,99.92
228494,22849401351,99.92
228494,22849404354,99.99
228494,22849405355,99.91
228494,22849406356,99.92
230137,23013701351,99.99
231823,23182301351,99.96
231823,23182302352,99.95
231837,23183705355,99.97
231837,23183707357,99.96
231838,23183804354,99.91
232408,23240802352,92.97
238410,23841001351,100.00
238410,23841002352,99.93
238410,23841003353,99.99
238410,23841004354,99.97
240188,24018801351,100.00
240188,24018802352,99.91
240188,24018805355,99.93
241823,24182301351,99.92
241823,24182303353,99.90
241823,24182304354,99.92
241823,24182306356,99.96
241823,24182307357,99.90
241823,24182308358,99.92
241823,24182309359,99.93
241837,24183701351,99.96
241837,24183702352,99.91
241837,24183703353,99.91
241837,24183706356,99.90
241837,24183708358,99.93
242408,24240803213,93.29
242462,24246204354,99.91
